model,category,output
gpt-3.5-turbo,startup idea,A platform that connects remote workers with local co-working spaces to create a network of flexible workspaces for digital nomads.
gpt-4-0613,startup idea,"Introducing an innovative, user-friendly application designed to streamline charity donations. Catering to the needs of diverse non-profitable organizations worldwide, it facilitates automatic monthly contributions at user-set levels and tracks total donations for tax purposes. Its key differentiator? Users can keep tabs on how their contributions are utilized, promoting transparency in charitable giving. Users can also follow progress updates on projects undertaken by the charity. This provides a social impact element to the donors while presenting them with a better idea of where their money is going. From a business perspective, it leans on a subscription model for steady income generation."
gpt-3.5-turbo,op-ed,"Elevate discourse; seize the moment, empower the curious minds of our readers."
gpt-4-0613,op-ed,"""Rise, New York, are we ready to make our voices heard above the din?"""
gpt-3.5-turbo,Fiction,"In the shadowy streets of a bustling city, a young woman finds herself entangled in a web of secrets and lies. As she delves deeper into the mystery surrounding her missing sister, she uncovers a sinister plot that threatens to upend her entire world. Will she be able to unravel"
gpt-4-0613,Fiction,"In the eerie shadow of the graveyard, a cat named Saffron persisted. Although destitute and ragged, she was shrewd: a survivor. Nightly, Saffron's amber eyes glowed, unfazed by the sidelong glances of specters. She felt a growing imbalance in her spectral kingdom, her tale intertwined with the restless spirits rising."
gpt-3.5-turbo,Podcasts,"Join us on a journey through untold stories from around the world, as we dive deep into the unknown and the extraordinary. Discover the extraordinary in the ordinary, and unlock the mysteries that surround us every day. Tune in to explore the wonder that lies beyond the surface. Welcome to"
gpt-4-0613,Podcasts,"Get ready to dive into riveting realms of knowledge! Welcome to “Curiosity Unleashed”, your new favorite podcast, where every episode unearths fascinating facts and mind-boggling mysteries. Seeking answers? Entertainment? Both? You're in the right place. Let your intellectual voyage commence here, only on Google podcasts."
gpt-3.5-turbo,startup idea,An AI-powered virtual coach that helps users improve their mental wellbeing through personalized daily exercises and habit tracking.
gpt-3.5-turbo,startup idea,An AI-powered note-taking app that can automatically summarize and organize meeting notes for professionals.
gpt-3.5-turbo,startup idea,An AI-powered meal planning app that suggests personalized recipes based on dietary restrictions and preferences. The app also generates a grocery list for easy shopping and allows users to track their nutritional intake.
gpt-4-0613,startup idea,"An innovative platform leveraging advanced AI technology to help freelancers find all pending opportunities in their domain within seconds. This unique platform, designed using a smart algorithm, will filter jobs from various sources across the internet and alert the freelancers of relevant opportunities. It would be a major game changer for the freelancing community, reducing the time they spend hunting for projects and enabling them to focus more on working and enhancing their skills."
gpt-4-0613,startup idea,"Introduce an app that employs AR technology to create customizable fitness routines for users at home. The users can pick their favorite locations worldwide and the app would generate an augmented reality that places users in their selected locations, making the workout experience exciting and fresh each time. A personal virtual trainer can be included to instruct and motivate the user. Landscapes could vary from running along the beach, yoga in a tranquil forest, or intensive training in the mountains. Gamifying the fitness journeys with challenges and rewards can further drive user engagement. It could be named 'FitVenture'."
gpt-4-0613,startup idea,"Introducing an innovative platform that merges the worlds of gaming and fitness. This startup aims to make workouts more enjoyable and interesting by converting them into video game styled challenges. With real-time feedback and progress milestones, our platform offers a motivational and unique approach to improving physical health. Moreover, it also offers a social feature, allowing users to connect, compete and embark on fitness journeys together."
gpt-3.5-turbo,op-ed,"Embrace diversity and progress, leave prejudice behind, for a brighter future ahead."
gpt-3.5-turbo,op-ed,"""Questioning assumptions leads to progress and growth in our society."""
gpt-3.5-turbo,op-ed,Questioning the status quo sparks critical thinking and drives progress in society.
gpt-4-0613,op-ed,"""Is our pursuit of technological singularity sacrificing humanity's fundamental values?"""
gpt-4-0613,op-ed,"""Can America truly claim liberty when equality remains an elusive dream?"""
gpt-4-0613,op-ed,"""In whose hands should the power of global Internet regulation truly rest?"""
gpt-3.5-turbo,Fiction,"As the fiery sun dipped below the horizon, casting long shadows over the sleepy town of Willow Creek, a mysterious figure emerged from the dense forest at the edge of town. Whispers of an ancient curse spread through the villagers, setting the stage for a series of events that would"
gpt-3.5-turbo,Fiction,"In the dimly lit city streets, a lone figure wandered, haunted by memories of a past long forgotten. The sounds of distant sirens and bustling crowds faded into the background as a mysterious letter fluttered to the ground before them. Little did they know, this simple message would unravel a"
gpt-3.5-turbo,Fiction,"Darkness enveloped the small town of Willow Creek, casting a shadow over its inhabitants. Whispers of a mysterious figure lurking in the shadows ignited fear within the townspeople. One fateful night, a young woman named Emily stumbled upon a secret that would unravel the town's deepest secrets."
gpt-4-0613,Fiction,"In the depths of murky Old Town, where sinister shadows veil secrets more treacherous than its winding alleys, resides not-so-average baker, Mrs. Mabel. A house rich with unusual mystique, simmering whispers of hidden jewels, and an unfathomable legacy. As the dusk arrived, so did the strangers, craving more than just"
gpt-4-0613,Fiction,"Under the veil of twilight, in the heart of Washington DC, secrets danced in hushed whispers. Enigmatic Louisa, a celebrated journalist, sculpted of fierce intellect and magnetizing charm, was scrawling something clandestine. A sinister plot was brewing, alienating allies, while an undercover agent manipulated a web of deception. The city"
gpt-4-0613,Fiction,"In the dense, moss-laden heart of a forgotten forest lived a creature of myth, only known as Kalan. Unseen, but unbearably felt, its mournful whispers turned trees old, rivers silent. Shunned from all, the only company Kalan ever knew was tension, brewing a conflict unforeseen, unfolding a tale lost in"
gpt-3.5-turbo,Podcasts,"Welcome to a podcast that dares to challenge the status quo. Prepare to be entertained, educated, and inspired as we dive deep into topics that matter most to you. Get ready to experience a show like no other, where every episode leaves you wanting more. This is where curiosity meets"
gpt-3.5-turbo,Podcasts,"Get ready to dive into the world of mysterious disappearances, strange encounters, and spine-chilling urban legends. Each episode will leave you questioning what you thought you knew about the world around you. Join us as we explore the unexplained on our thrilling podcast."
gpt-3.5-turbo,Podcasts,Welcome to a podcast that dares to challenge the status quo and offer listeners a fresh perspective on everyday issues. Dive deep into thought-provoking conversations that will leave you questioning the world around you. Get ready to expand your mind and explore new ideas with us.
gpt-4-0613,Podcasts,"Step into a world of captivating stories and deep insight with our show. Each episode unpacks powerful ideas, maintaining a consistent focus on our underlying theme. Let's explore new horizons together, educating and entertaining along the way. Welcome to this enriching journey. Welcome to our uniquely designed podcast."
gpt-4-0613,Podcasts,"Welcome listeners to an audacious journey into the world of the unsolved and unknown! This is ""Mysteries Unveiled"", your weekly dose of thrill, suspense, and revelations. We delve deep to unravel enigmas, keeping you on the edge of your seat. Are you ready to step into the abyss of mystery"
gpt-4-0613,Podcasts,"""Immerse yourself in the captivating realm of 'Untold Mysteries'. Join us each week as we traverse mystical landscapes and unravel secret histories. Whether you’re an adventure seeker or simply curious - here, we blend knowledge and entertainment to uplift your day. Welcome to a journey of unique narratives and profound"
gpt-3.5-turbo,startup idea,"An AI-powered platform that curates personalized workout plans based on individual fitness goals and preferences, integrating real-time feedback and tracking features to enhance accountability and motivation for users."
gpt-3.5-turbo,startup idea,"A platform that connects remote workers with local co-working spaces based on their preferences and needs, allowing them to book spaces for a day, week, or month with flexible pricing options."
gpt-3.5-turbo,startup idea,"A platform that uses AI to curate personalized book recommendations based on users' reading history and preferences. This innovative service not only suggests books in various genres but also provides detailed summaries and reviews to help users make informed decisions about what to read next. With a user-friendly interface and seamless integration with popular e-book platforms, this startup aims to revolutionize the way people discover and engage with literature."
gpt-4-0613,startup idea,"An innovative new platform that drastically streamlines the process of buying and selling used office equipment, making the entire process hassle-free and eco-friendly. With an intuitive interface, both individual sellers and large corporations can list their office equipment for sale within minutes. In addition, recycling old office equipment has never been easier - our certified recycling partners ensure that everything we can't sell is disposed of responsibly. The platform employs a robust authentication and quality assurance system, ensuring that buyers are getting exactly what they paid for every time. Different from a typical marketplace, our platform also offers a managed service option for businesses, where our team will handle the process of photographing, listing, and shipping their used equipment, making it the perfect solution for busy offices undergoing renovations or upgrades."
gpt-4-0613,startup idea,"Built upon blockchain technology, a food traceability initiative designed to address concerns about food safety and quality. Our start-up strives to bring transparency to the food supply chain by enabling consumers to track the origins of their purchases. The product will be a mobile app that uses blockchain to trace your food from farm to table, showing every stop in between. It aims to boost confidence in the food industry and promote sustainable practices."
gpt-4-0613,startup idea,"Imagine an advanced AI-powered platform, called Hippocamp, making learning a seamless adventure. The platform will customize course material for individual’s abilities and learning styles, progressively increasing difficulty as the user's knowledge base expands. Additionally, it would create an engaging platform by incorporating innovative gamification strategies, like leaderboards, quizzes, and AR/VR assisted learning modules. What sets it apart is its impressive 'Smart Revision' feature that highlights areas the user struggles with most and tailors personalised revision schedules. Hippocamp goes beyond conventional education apps, enhancing the learning process with fun yet effectual techniques. This startup will redefine the phrase 'everyone can learn', making quality education - personalized, immersive, and fun, accessible to everyone on the globe."
gpt-3.5-turbo,op-ed,"Empower yourself with knowledge, challenge the status quo, and engage in critical discourse."
gpt-3.5-turbo,op-ed,"Challenge As We Seek Truth and Unity, Not Division and Disinformation."
gpt-3.5-turbo,op-ed,Dare to question the status quo and ignite meaningful conversations.
gpt-4-0613,op-ed,"""Can American democracy thrive amidst the turbulence of persistent social and cultural divide?"""
gpt-4-0613,op-ed,"""Isn't it time we redefine the concept of 'American dream' for a sustainable future?"""
gpt-4-0613,op-ed,"""Does the advent of artificial intelligence threaten our autonomy, or will it ultimately enhance our"
gpt-3.5-turbo,Fiction,"In the quiet town of Willow Creek, whispers of a mysterious newcomer spread like wildfire. With her striking emerald eyes and enigmatic aura, she quickly becomes the center of attention. But as secrets begin to unravel, the residents soon realize that she may not be who she appears to be."
gpt-3.5-turbo,Fiction,"In the shadowed alleys of a bustling city, secrets whispered among the cobblestones. A mysterious figure emerges, shrouded in darkness. The air crackles with tension as a deadly game of cat and mouse unfolds. Who will emerge victorious in this tangled web of deceit and betrayal?"
gpt-3.5-turbo,Fiction,"As shadows crept across the deserted streets, a figure emerged from the darkness with a secret to protect. In a city plagued by corruption and deceit, only the bravest souls dared to challenge the status quo. A web of lies and treachery awaited, testing the limits of loyalty and honor."
gpt-4-0613,Fiction,"In the rain-soaked town of Mirewood, a cryptic letter landed in the hands of grizzled detective Jack Turner. The anonymous threat challenged his darkness-streaked existence, promising a game of dangerous truth and cunning deceit. His worn heart ignited as the labyrinth of his past screamed from the shadows."
gpt-4-0613,Fiction,"In the shadowed corners of Barcelona's ancient streets, a deadly game was set in motion. Unseen eyes watched as Estella, a heartbreakingly ordinary woman, unknowingly became the key to a hidden world pulsating with secrets. With one cryptic letter, her life would soon teeter on the edge of perilous uncertainty."
gpt-4-0613,Fiction,"In a city gripped by winter's despair, a lonely old man, seemingly innocuous, bore a perilous secret. With each tick of the ancient clock in his quaint loft, tension brewed. Unseen layers of conflict threatened to unravel his solitary existence, promising a face-off with his shadowed past."
gpt-3.5-turbo,Podcasts,"In a world filled with cookie-cutter podcasts, one show dares to be different. Offering a unique perspective on the world of entertainment, education, and information, this podcast promises to deliver value like no other. Get ready to be intrigued, informed, and entertained like never before. Welcome to a podcast unlike"
gpt-3.5-turbo,Podcasts,"Welcome to a podcast that dares to take a deep dive into the unconventional and unexplored. Get ready to challenge your perspectives, broaden your horizons, and discover new realms of knowledge. This is not your typical podcast - this is a journey into the unknown. Welcome to a world of"
gpt-3.5-turbo,Podcasts,"Welcome to a podcast unlike any other, where we dive deep into the realms of the unknown and explore topics that will challenge your beliefs and broaden your perspective. Get ready to embark on a journey of discovery and enlightenment as we uncover the fascinating mysteries of the universe."
gpt-4-0613,Podcasts,"Unearth hidden stories, insights and perspectives as we traverse the twists and turns of life in 'Fragments from the Mosaic'. Ensuring each episode leaves you with food for thought. So, take a seat, plug in those earbuds and let's dive into the kaleidoscope of human experiences together! Only on Google"
gpt-4-0613,Podcasts,"Welcome to the exhilarating realm of ""Conversations Uncharted"", your portal to unexpected wisdom. This podcast is a treasure trove of unique perspectives, where we dive deep into riveting stories from everyday people. Garnering insights from their journeys, we aim to ignite thought and provoke reflection. Join us for a ride"
gpt-4-0613,Podcasts,"Welcome to a sonic journey like no other. Here on ""Offbeat Rhythms,"" we're not afraid to shake things up. We are an authentic podcast that uncovers the beautiful amiable chaos of life. We promise to delight you, surprise you, but above all - make you think differently. Tune in now"
gpt-3.5-turbo,startup idea,"How about a virtual reality platform that allows users to explore different cities around the world from the comfort of their own home? By partnering with local businesses and attractions, users can experience everything from historical landmarks to trendy cafes in immersive 360-degree video tours. The platform could also offer interactive games and challenges to make the experience more engaging and educational. Imagine being able to ""travel"" to Paris one day and Tokyo the next, all without leaving your living room. It could be a unique way for people to satisfy their wanderlust while staying safe and saving money."
gpt-3.5-turbo,startup idea,"An AI-powered meal planning app that suggests personalized recipes based on dietary preferences, ingredients on hand, and nutritional needs. The app also generates a shopping list and allows users to save favorite recipes for easy access. Users can also track their health goals and cooking progress to improve their overall eating habits."
gpt-3.5-turbo,startup idea,A platform that uses AI to analyze users' social media posts and suggests personalized mental health resources.
gpt-4-0613,startup idea,"Fusing the futuristic domain of AI with the age-old art of mentorship. Our startup presents an AI-powered Mentorship platform connecting entrepreneurs, seasoned professionals, and learners from across industries and levels. This platform employs advanced algorithms and machine learning to match mentors and mentees based on their profiles, interests, goals, and industry dynamics. Not only does it arrange goal-oriented discussions but with its smart reminders, progress tracking, and dynamic feedback system, it enhances the mentor-mentee experience. This state-of-the-art platform will redefine networking, creating a new framework for skills exchange and shared learning."
gpt-4-0613,startup idea,"Imagine a mobile application that merges fitness guidance with casual gaming, transforming workouts into adventurous quests. Users can follow exciting narratives while keeping up with their fitness routines, making exercise entertaining and easy to maintain. Extra features might include rivalry modes to compete against friends, rewards systems based on milestones, and in-app purchases for profile customizations and advanced workout options. This distinctive blend of health-focused gamification could make waves on platforms like Product Hunt."
gpt-4-0613,startup idea,"Introducing a unique, all-in-one podcasting platform that helps newbies, amateurs and professional podcasters alike to script, record, edit and publish their podcasts with ease. Utilizing AI technology, this platform will provide real-time suggestions, while its intuitive interface will drastically reduce editing time and offer seamless distribution options across various podcast platforms, ensuring the producer's voice connects with listeners everywhere. This startup stroke of innovation aims to deliver a perfect solution for people remote-working, make their voice heard and break the barriers that stop talented individuals from starting their podcast journey."
gpt-3.5-turbo,op-ed,Explore new perspectives; challenge the status quo to spark change and progress.
gpt-3.5-turbo,op-ed,"Stay curious, question everything, seek truth - the essence of democracy in action."
gpt-3.5-turbo,op-ed,Challenge yourself to think critically and engage with diverse perspectives every day.
gpt-4-0613,op-ed,"""Is it time we question the sustainability of our rampant consumer culture?"""
gpt-4-0613,op-ed,"""Are we leveraging tech advancements for societal good, or blindly rushing towards AI domination?"""
gpt-4-0613,op-ed,"""As we rebuild together, let's scrutinize our systems—not for blame, but for progress."""
gpt-3.5-turbo,Fiction,"As the sun dipped below the horizon, casting a warm glow over the sleepy town of Willow Creek, Sarah felt a sense of unease settle in her chest. The disappearance of her sister, Emma, had left a gaping hole in their tight-knit community, and Sarah was determined to unravel the"
gpt-3.5-turbo,Fiction,"In the dimly lit streets of New Orleans, a mysterious figure lurks in the shadows, their presence sending a shiver down the spine of every unsuspecting passerby. Rumors swirl of a curse befalling those who cross their path, but one brave soul is determined to uncover the truth behind the"
gpt-3.5-turbo,Fiction,"In the quiet town of Willow Creek, whispers of a mysterious figure haunt the locals. When a young girl goes missing, suspicions rise, and tensions escalate. As secrets unravel and hidden truths come to light, the town's facade of tranquility shatters, revealing a darkness that threatens to consume them all."
gpt-4-0613,Fiction,"In the eerie quiet of the forgotten town, gentleness was a sin punishable by death. The scarred tavern keeper, Jenna, was our story's unexpected heroine. Her harsh voice echoed through nights thick with tension and old coal smoke, spinning tales of unlikely survival and a lost love, her eyes hinting"
gpt-4-0613,Fiction,"Underneath amber streetlights, a city pulsated with life. Amidst the symphony of sizzling food carts and cacophonous chatter, discreetly tucked away, was Selma's antique shop. Unraveling like the worn pages of a forgotten tale, her eyes held a cryptic sparkle. An unspoken war simmered beneath her stoic composure, threatening to"
gpt-4-0613,Fiction,"Underneath swirling night skies, within the heart of the bustling city, Jerry's Diner breathed life. A beacon of neon warmth, customers swirled in and out—each with tales stitched within their souls. Inside, sat Rosie, the waitress, worn and kind, and tonight, she held a brewing storm of secrets in her"
gpt-3.5-turbo,Podcasts,"Welcome to a podcast like no other, where we dive deep into the realms of the unknown and unexplored. Discover secrets, unravel mysteries, and embark on thrilling adventures with us as we take you on a journey beyond imagination. Get ready to be captivated like never before."
gpt-3.5-turbo,Podcasts,"Welcome to a podcast that brings you the unexpected, challenges the norm, and invites you to explore new perspectives. Dive into conversations that push boundaries, spark creativity, and leave you feeling inspired. Get ready to embark on a journey of discovery and connection unlike any other. Welcome to your new"
gpt-3.5-turbo,Podcasts,"Uncover the hidden stories of unsung heroes and forgotten legends in a podcast that doesn't shy away from the unconventional. Join us on a journey where curiosity leads to discovery, as we explore the extraordinary tales that history has overlooked. Welcome to a realm where the extraordinary becomes the ordinary."
gpt-4-0613,Podcasts,"Dive into a realm of invigorating discussions and enlightening insights! Welcome, dear listeners, to an audacious adventure of knowledge and understanding. Where each podcast serves a hearty blend of entertainment and wisdom, tailored to satiate your curiosity. Seekers of wisdom and wanderers of the mind, you've found your sanctuary. Welcome"
gpt-4-0613,Podcasts,"""Embark on a thought-provoking journey with us as we dive deep into fascinating discussions that challenge the norm. We promise you an escape from the mundane and a fresh perspective on the unnoticed. This is 'Beyond Ordinary', the podcast that caters to the intellectually curious and boundary-pushing individuals among us."
gpt-4-0613,Podcasts,"Welcoming every curious mind, 'Exploring the Unknown', is the platform where knowledge seekers quench their thirst. This engaging space will consistently enlighten, educate, and enthrall you. Lock in and let's take a journey together, full of unexpected discoveries and exciting revelations. Ready, set, explore!"
gpt-3.5-turbo,startup idea,"An AI-powered virtual assistant that helps plan personalized self-care routines for busy professionals. Through a simple chat interface, users can input their preferences, schedule, and wellness goals to receive tailored recommendations for activities like meditation, exercise, and relaxation techniques. The app also provides reminders and progress tracking to help users stay on track with their self-care goals and improve their overall well-being."
gpt-3.5-turbo,startup idea,"A virtual event platform for niche hobbyists that allows them to connect with others who share their interests through interactive workshops, panels, and networking opportunities. This platform would bring together enthusiasts from around the world to share knowledge, learn new skills, and build lasting relationships within their community."
gpt-3.5-turbo,startup idea,A live music discovery platform that uses AI to recommend local shows based on user preferences and attendance history.
gpt-4-0613,startup idea,"""Imagine an online platform that connects you with professional chefs around the world for personalized cooking lessons. Utilise your kitchen in a way you've never done before; learn to cook different cuisines right from the comfort of your home. Offering a variety of categories including desserts, main courses, snacks, vegan or gluten-free, this platform ensures there's something for everyone's taste."""
gpt-4-0613,startup idea,"Redefining the realm of virtual fitness, a digital platform wherein users can enjoy a customized, AI-integrated workout plan tailored to their goals, needs, and ongoing progress. The innovativeness comes from the adaptive nature of AI algorithms, which will adjust the workout intensity based on users' reactions and feedback. This ensures an optimized exercise routine, ensuring even remote workouts are both effective and suitably challenging. Envisaging a robust subscription model where professional consultation, diet planning and performance analytics are also offered. This revolutionary fitness mobile application will be dubbed 'FitBotics'."
gpt-4-0613,startup idea,"Enjoy a seamless and fully optimized experience for your digital book consumption with ""Novela"". This new startup on Product Hunt combines the immersive experience of a physical book with the conveniences that digital brings. Utilizing AI, it provides personalized narration of your chosen books, analyzes your reading speed to suggest ideal reading times, and even includes mood-specific ambient backgrounds. For example, if you're reading a horror book, it'll provide an eerie soundtrack for a more engrossing reading experience. Plus, it features a social platform to discuss your favorite books and authors with other users. You don't just read a book, you live it with Novela!"
gpt-3.5-turbo,op-ed,"Pause, reflect, respond: journalism demands our constant attention and critical thinking."
gpt-3.5-turbo,op-ed,Explore diverse perspectives to foster understanding and create meaningful dialogue in society.
gpt-3.5-turbo,op-ed,A call to action: Let's rise above division and unite for progress.
gpt-4-0613,op-ed,"""When will we, historic America, step beyond denial to address systemic racism head-on?"""
gpt-4-0613,op-ed,"""Is our pursuit of technological advancement blurring the line between privacy and convenience?"""
gpt-4-0613,op-ed,"""Do we, as jaded New Yorkers, still possess the poise to embrace everyday miracles?"""
gpt-3.5-turbo,Fiction,"In the quiet town of Whispering Pines, a mysterious stranger arrives on a stormy night, bringing with him secrets that threaten to unravel the carefully woven fabric of the community. As tension mounts and alliances shift, the fate of the townspeople hangs in the balance, bound by the enigmatic stranger's"
gpt-3.5-turbo,Fiction,"In the depths of a bustling city, a mysterious figure lurks in the shadows, their true intentions shrouded in secrecy. As they weave through the crowded streets, their presence sends ripples of unease through the unsuspecting inhabitants. Little do they know, their path is about to intersect with destiny in"
gpt-3.5-turbo,Fiction,"In the dimly lit alleyway, a figure moved silently through the shadows, their only companion the sound of their own racing heartbeat. The night air hinted at secrets yet to be revealed, setting the stage for a tale of intrigue and danger that would soon unfold."
gpt-4-0613,Fiction,"Under the shroud of an unsetting crimson sun, the dust-stricken town of Barrowsmith trembled - a relic of forgotten glory. Sheriff Jacob, worn out yet unyielding, bore the weight of law against a sullied tide of lawlessness and despair. In the heart of this struggle, a greater threat poised, unseen."
gpt-4-0613,Fiction,"In the heart of the city abundant with secrets, stood the Neon Bar, a beacon on ‘Liquor Lane’. Within its cacophonous confines, swirled Suzie, tending to the sloshed souls, her enchanting eyes hiding myriad stories. Little did these night dwellers know, their sanctuary was about to be the epicenter of"
gpt-4-0613,Fiction,"On the broken edges of an unnamed city, Viola faces the dusk-touched skyline; holding a revolver that hummed with unresolved tales. A symphony of despair and redemption echoes behind her somber eyes. With each chilling pursuit, destiny's fickle hand rocked, threatening to topple her from graced heroine to grim reaper."
gpt-3.5-turbo,Podcasts,"Come join us on a journey of exploration and discovery, where we delve into the intriguing world of unsolved mysteries, uncovering the truth behind the unexplained. Get ready to be captivated and intrigued as we unravel the secrets that lie beneath the surface. Welcome to a podcast like no other."
gpt-3.5-turbo,Podcasts,"Embark on a journey like no other as we explore the realms of the unknown, the bizarre, and the extraordinary. Get ready to challenge your perceptions and expand your mind with each episode. Join us as we dive deep into topics that will leave you questioning everything you thought you"
gpt-3.5-turbo,Podcasts,"In a world where chaos reigns, one podcast stands out as a beacon of light. Join us as we explore the uncharted territories of the human mind and soul. Tune in for thought-provoking discussions, insightful interviews, and a fresh perspective on life's most pressing questions. Welcome to a journey of"
gpt-4-0613,Podcasts,"Dive headfirst into a sea of knowledge as we explore the intersection of science and philosophy, challenging conventional wisdom. Welcome to ""Mind Meets Matter"", a thought-provoking experience that enlightens, fascinates, and leaves you hungry for more. Unlock the limitless potential of your mind with us today."
gpt-4-0613,Podcasts,"Step into a world of intrigue and discovery with ""Mindscape Voyage"", where the known meets the unknown. We uncover the mysteries of science, technology, and human potential. Truly a trove of knowledge for the curious minds, providing illuminating insights in our quest for understanding. The journey starts now on Google"
gpt-4-0613,Podcasts,"Unearth intriguing myths and legends from all corners of the world with our podcast, ""Mysteries Unbound"". Delight in captivating narratives, dive into rich histories, and discover unique perspectives every week. Feed your curiosity, explore the unknown, and unravel the mysteries in ""Mysteries Unbound"". Tune in and let your imagination run"
gpt-3.5-turbo,startup idea,"A platform that curates personalized travel itineraries based on user preferences and budget. Users input information such as desired destinations, activities, and accommodation preferences, and the platform generates a tailored itinerary complete with recommendations for transportation, dining, and activities. It also offers real-time updates and notifications for any changes or alerts during the trip. This service aims to provide a hassle-free travel planning experience for individuals who want a unique and memorable vacation without the stress of researching and organizing every detail themselves."
gpt-3.5-turbo,startup idea,"Imagine a platform that connects artists with non-profit organizations to create unique, impactful collaborations that raise awareness for social causes. Through this platform, non-profits can commission artists to design exclusive merchandise, such as t-shirts, posters, or stickers, with a portion of the proceeds going towards their mission. This not only provides artists with a new source of income but also allows non-profits to engage with their audience in a creative and meaningful way. The platform could serve as a marketplace for these collaborations, where users can discover and purchase limited-edition products that support causes they care about. This startup idea aligns with the growing trend of socially-conscious consumerism and empowers individuals to make a difference through their purchases."
gpt-3.5-turbo,startup idea,A productivity app that uses AI to analyze your work habits and provides personalized recommendations for managing your time more efficiently.
gpt-4-0613,startup idea,"Envision an app that uses AI and machine learning to generate personalized meal plans and grocery lists based on dietary preferences, restrictions, and personal fitness goals. This app not only provides recipes, but also offers an integral feature of real-time location-based suggestions for best places to buy ingredients. The 'Healthy Byte' app, available on iOS and Android devices, inherently endorses healthy lifestyle choices by making meal planning simple. It also helps users stick to their grocery budget by suggesting cost-effective options. This groundbreaking app is designed to revolutionize healthy eating habits, thus catalyzing a major shift in normalizing diet-conscious, budget-friendly lifestyles."
gpt-4-0613,startup idea,"Introducing an innovative recycling solution: a mobile app startup integrating Artificial Intelligence (AI) to help users identify the types of waste and their respective recycling processes. By simply taking a photo of the waste item, the app identifies it and provides detailed instructions on how to properly discard or recycle it. The app also has a feature allowing users to find the nearest recycling centers and trash sorting facilities. An efficient way to encourage and facilitate sustainable living and better waste management, contributing to a greener planet."
gpt-4-0613,startup idea,"An innovative platform that uses machine learning to connect budding artists with art collectors and galleries. It'll redefine the art industry by bridging the gap between talent and opportunity. This app will not only showcase artists' work but also provide them with much-needed exposure to critics and potential buyers. All demographics of artists, from those starting out to established ones, can benefit from our AI-driven art community. Art experts can uncover hidden talents, emerging art trends and even invest in promising artists. Artists and art lovers will enjoy personalizing their interface and creating a unique virtual art space."
gpt-3.5-turbo,op-ed,"Dive into complex issues, provoke critical thinking, spark societal change."
gpt-3.5-turbo,op-ed,Discover diverse perspectives to ignite curiosity and drive meaningful discussions in our community.
gpt-3.5-turbo,op-ed,"Empower minds, provoke thoughts, ignite change - the essence of impactful journalism."
gpt-4-0613,op-ed,"""Is the pursuit of limitless technological advancement obliterating our basic human sensibilities?"""
gpt-4-0613,op-ed,"""Amid today's digital chaos, isn't it time we question the cost of convenience?"""
gpt-4-0613,op-ed,"""Are we nurturing innovation, or merely chasing ephemeral trends of ambition and fame?"""
gpt-3.5-turbo,Fiction,"Amidst the flickering city lights and the relentless downpour of rain, a peculiar figure stood on the deserted street corner. Their shadow danced ominously on the wet pavement, hinting at a story of mystery and intrigue waiting to unfold. And so, the stage was set for a tale of secrets"
gpt-3.5-turbo,Fiction,"In a world where shadows held secrets and whispers carried weight, two souls collided in a whirlwind of fate. She, a restless wanderer with a heart scarred by the past. He, a mysterious stranger with eyes that held galaxies within. Little did they know, their meeting would change the course"
gpt-3.5-turbo,Fiction,"In the quaint town of Willow Creek, rumors of a mysterious figure haunting the abandoned mansion on the hill spread like wildfire. As shadows lengthen and whispers grow louder, the townspeople are drawn into a web of secrets and lies that threaten to unravel their peaceful existence."
gpt-4-0613,Fiction,"In the underbelly of neon-clad Tokyo, a notorious gambler with an iron pokerface bet his life against fate. An enigma hiding behind a smirk. As tides rise and fall in the murky back-alley dice games, whispers of an impending Yakuza feud thicken the tension. Dice roll; fate awaits."
gpt-4-0613,Fiction,"In the heart of a grimy, bustling city, where skyscrapers stretched towards the heavens like knives, and every siren whispered bitter tales, there resided a washed-up detective. He, an eternal cynic, met an eccentric pianist shimmering with optimism, setting the stage for riveting duet of mystery and unlikely friendships."
gpt-4-0613,Fiction,"Bathed in a melancholy sunrise, the decaying town of Grant's Hollow whispered centuries-old secrets, its hush broken only by the sobs of Evelyn, cursed with visions of looming darkness and regret. Her brother, a nefarious shadow etched in history, lurked in her visions, a haunting specter tangled in a deadly"
gpt-3.5-turbo,Podcasts,"Welcome to a podcast that brings a fresh perspective to the world of technology and innovation. Dive into insightful conversations with industry experts, explore the latest trends, and uncover the future of tech. Get ready to expand your horizons and stay ahead of the curve. Tune in now."
gpt-3.5-turbo,Podcasts,"Welcome to a podcast that goes beyond the ordinary. Bringing you a fresh perspective on [topic], each episode is a blend of education, entertainment, and inspiration. Get ready to dive deep into the world of [topic] and discover something new with every listen. Tune in and join the conversation!"
gpt-3.5-turbo,Podcasts,"Welcome to a podcast unlike any other, where we dive deep into the world of quantum physics and explore the mysteries of the universe. Join us as we unravel the secrets of black holes, parallel universes, and the nature of reality itself. Get ready to expand your mind with each"
gpt-4-0613,Podcasts,"Immerse yourself into the world of 'Enlightened Minds', a safe haven for curious intellects. Our goal? To challenge norms, incite thought, and drive engaging conversations. Seeking value? We promise to provide insights that quench your intellectual thirst. Hop aboard, as we journey together exploring topics you never knew you needed."
gpt-4-0613,Podcasts,"Welcome, curious minds, to our realm of wonder. We dive deep into the enchanting world of mysteries and discoveries, enlightening your minds with knowledge and enriching your hearts with enchanting stories. Stay tuned and let our podcast, 'Realm of Wonder', enthrall you with a magical journey of exploration and enlightenment."
gpt-4-0613,Podcasts,"Unveil the mysteries of the universe with ""Cosmic Queries."" This podcast presents a unique exploration of space science. It's here to enlighten, stimulate curiosity, and provide answers to your burning astronomical questions. Tune in and navigate through the cosmos with us, as we redefine the boundaries of knowledge."
gpt-3.5-turbo,startup idea,A productivity app that uses AI to analyze your daily habits and provides personalized suggestions for time management and goal setting. The app could also integrate with various calendar and task management tools to streamline your workflow and keep you on track throughout the day.
gpt-3.5-turbo,startup idea,"A mobile app that uses AI to curate personalized workout plans based on users' fitness goals, current fitness level, and workout preferences. The app also includes video tutorials, progress tracking features, and a community forum for users to connect and share tips and motivation."
gpt-3.5-turbo,startup idea,"An AI-powered platform that matches virtual tutors with students based on learning styles and subjects, providing personalized educational experiences for all."
gpt-4-0613,startup idea,"A platform focusing on connecting non-profit organizations with professional consultants who willing to offer their expertise at a subsidized cost or as voluntary service. Compatible with the increasing trend of online freelancing, this platform provides flexible opportunities for professionals to give back to society in line with their skill set and schedule, while helping non-profit organizations access high-quality services. Product Hunt's tech-savvy community would appreciate the user-friendly interface, the appealing design and the impactful mission behind this innovative platform."
gpt-4-0613,startup idea,"Introducing an AI-powered personal fitness app, combining the advantages of professional personal training with everyday convenience. Users will have access to dynamic workout plans that adapt to their progress and goals, complemented with nutritional guidance, all on one platform. Through state-of-the-art algorithms tracking users' performance, the app offers real-time feedback and instruction, ensuring correct posture and optimum effort during workouts. Furthermore, it offers optional social connectivity, fostering a supportive fitness community for motivation and sharing achievements. Ideal for individuals who wish to experience personalized fitness training at a fraction of the cost."
gpt-4-0613,startup idea,"Empowering consumers to reduce food waste is the main goal of the app 'FoodWise'. This innovative tool connects with your fridge, pantry and shopping habits, noting all of your food purchase data. It then identifies patterns and sends reminders about expiry dates, offers suggested recipes to use up leftovers, and even advises when to eat certain foods for maximum freshness. A true win for eco-conscientious shoppers!"
gpt-3.5-turbo,op-ed,"Think beyond boundaries, explore new perspectives, and spark meaningful conversations – together we thrive."
gpt-3.5-turbo,op-ed,"Challenge your beliefs, engage with diverse perspectives, and embrace new ideas."
gpt-3.5-turbo,op-ed,"Empower your voice, inspire change, and make a difference in the world."
gpt-4-0613,op-ed,"Does the American dream truly exist, or is it merely an illusion fabricate by hopeful"
gpt-4-0613,op-ed,How can we safeguard democracy if we're exploiting our planet's resources irresponsibly?
gpt-4-0613,op-ed,"""Has the frenetic pace of technology devalued the precious simplicity of human connection?"""
gpt-3.5-turbo,Fiction,"Among the rustling leaves and mist-laden air of the ancient forest, a lone figure walked with purpose. The dim light filtering through the canopy revealed determination in their eyes and a hidden agenda in their heart. Soon, the secrets of the woods would be unveiled, changing everything in its wake."
gpt-3.5-turbo,Fiction,"One stormy night, as the wind howled and the rain beat against the window, a mysterious figure appeared at the doorstep of the secluded cottage. The old woman living inside felt a sense of unease as she opened the door, unaware of the dark secrets this visitor carried with him."
gpt-3.5-turbo,Fiction,"In the heart of a bustling city, a mysterious figure lurks in the shadows, their identity shrouded in secrecy. As rumors swirl and tensions rise, a group of unlikely allies must uncover the truth before it's too late. But in a world where everyone has something to hide, who can"
gpt-4-0613,Fiction,"In the heart of Barcelona's festering slums, scrapping for survival was lean, wiry Jacinto. A pocket-sized pickpocket, nimble yet invisible in the crowd. As he skillfully snatched a locket, unaware it belonged to the feared Don Rodriguez, ripples of conflict and tension surged. Unknowingly, Jacinto stepped into a spider's plot,"
gpt-4-0613,Fiction,"Beneath the cobbled streets of war-ravaged London, a nameless, stout-hearted woman harbours refugees, each carrying a story steeped in conflict, hope, and despair. In the dimly lit, claustrophobic tunnel, they breathe in solidarity and tension, spinning their narratives in hushed whispers, their lives intertwined in the knotted threads of war."
gpt-4-0613,Fiction,"Through the ethereal mist of gloom, Galalian, the forgotten city, cowered under an umbra of dread. Seized by this palpable fear, a solitary figure, was Ellionna - once a mere child, now a last beacon of salvation. Lost among haunting whispers of the forsaken city, her emerald gaze belied an"
gpt-3.5-turbo,Podcasts,"Welcome to a podcast where curiosity meets conversation, exploring the unknown and unraveling mysteries. Each episode delves into a different topic, offering listeners a unique blend of knowledge and entertainment. Join us as we navigate uncharted territories, uncovering the extraordinary in the everyday. Tune in and broaden your horizons."
gpt-3.5-turbo,Podcasts,"Looking for a podcast that breaks the mold and offers a fresh perspective? Tune in to our show for a unique experience that will challenge your thoughts and inspire curiosity. With a dedication to providing value to our listeners, we aim to inform, educate, and entertain in ways you've never"
gpt-3.5-turbo,Podcasts,"Step into the world where curiosity meets conversation, where stories come to life and ideas are set free. This podcast is your escape from the mundane, a journey through the unknown, a place where knowledge meets entertainment. Welcome to a place where every episode leaves you wanting more. Welcome."
gpt-4-0613,Podcasts,"Dive into the expanse of human minds with our podcast, ""Mental Ventures"". Captivating stories, intriguing insights, and expert analyses will guide you on an exciting exploration of psychology. Whether you're a curious learner or a professional in the field, walk away with valuable knowledge from each episode. Welcome to ""Mental"
gpt-4-0613,Podcasts,"Immerse yourself in a journey of knowledge and discovery with our podcast. We're here to enlighten, engage, and entertain, providing unique insights that you won't find anywhere else. Tune in to expand your horizon, satisfy your curiosity, and indulge in rich, thoughtful conversations. Welcome to our space."
gpt-4-0613,Podcasts,"Welcome to ""Epicurean Excursions"", your new favorite podcast where you join host, travel lover and food enthusiast, Charlie Clark, as we delve into the world's most exotic cuisines and cultures. Authentic places, intriguing locals, tantalizing tastes, all that you need to satisfy your wanderlust cravings and culinary curiosities right here."
gpt-3.5-turbo,startup idea,"A platform that connects freelance musicians with event organizers to easily book live performances for various events like weddings, parties, and corporate functions. Musicians can create profiles showcasing their skills, genres, and availability, while event organizers can browse and book musicians based on their preferences. The platform streamlines the booking process, handles payments securely, and provides a rating system for both parties to leave feedback. This would revolutionize the way live music is booked and bring more opportunities for talented musicians to showcase their craft."
gpt-3.5-turbo,startup idea,"A platform that uses AI to curate personalized meditation playlists tailored to individual preferences, mood, and goals. Users can access a wide range of meditation styles, music genres, and ambient sounds to create a unique meditation experience. The platform also provides tracking and progress features to help users stay consistent with their practice."
gpt-3.5-turbo,startup idea,"An AI-enhanced productivity tool that analyzes your daily work patterns and provides personalized recommendations to optimize your workflow. Powered by machine learning algorithms, it identifies repetitive tasks and suggests automation options, recognizes peak productivity hours to schedule important meetings or tasks, and even provides real-time suggestions for staying focused and avoiding distractions. Whether you're a freelancer, entrepreneur, or remote worker, this tool is designed to help you increase efficiency and achieve your goals."
gpt-4-0613,startup idea,"An app to connect gourmet home chefs with food enthusiasts. Packed with a subscription model, customers can experiment with different cuisines every week while chefs are compensated fairly. It's a splendid fusion of UberEats and Airbnb, essentially an avenue for everyone's gastronomical exploration. This digital platform not only disrupts traditional food delivery systems but also ignites a social exchange revolving around food. Don't be surprised if this emerging startup stirs up a buzz on Product Hunt!"
gpt-4-0613,startup idea,"Introducing a platform called ""JourneyFeast"", a mobile app offering unique and personalized travel plans. You provide your interests and budget, and our AI technology creates a tailor-made itinerary for you. Experience the local culture, discover hidden gems, and enjoy exclusive deals from local businesses. Adventure awaits with JourneyFeast."
gpt-4-0613,startup idea,"An innovative mobile app that utilizes artificial intelligence technology to perform personalized health assessments. It provides detailed, personalized wellness plans and tracks your daily progress, providing real-time feedback and adjustments, including meal plans and workout routines tailored to match your lifestyle and body needs. This health-tech startup would disrupt the traditional health and fitness industry by putting control and power back in the hands of users, enabling them to make more informed health decisions."
gpt-3.5-turbo,op-ed,Readers need to seek truth beyond headlines in today's media landscape.
gpt-3.5-turbo,op-ed,"Stay curious, stay informed, and stay engaged - the world is waiting for you."
gpt-3.5-turbo,op-ed,"Demand more from your news sources - stay informed, stay critical, stay engaged."
gpt-4-0613,op-ed,"""Mustn't we ask, what cost are we willing to pay for unchecked capitalism?"""
gpt-4-0613,op-ed,"""Does our insatiable appetite for technology inhibit authentic human connections?"""
gpt-4-0613,op-ed,"""Is the American Dream still within grasp, or is it slipping into myth?"""
gpt-3.5-turbo,Fiction,"In a sleepy town nestled between the mountains, a young woman with a secret she's desperate to hide finds herself entangled in a web of lies and deceit. As the truth unravels, she must confront her past and make a choice that will change the course of her life forever."
gpt-3.5-turbo,Fiction,"As the rain poured mercilessly outside, the old wooden house creaked in protest. Inside, a young woman sat hunched over a dusty book, her fingers tracing ancient symbols. Little did she know that her discovery would unravel a centuries-old curse, plunging her into a dangerous battle of dark magic."
gpt-3.5-turbo,Fiction,"In the remote village of Serenity Falls, whispers of a mysterious curse linger in the air, casting a shadow of fear over its inhabitants. One night, a stranger arrives, bringing with him secrets that threaten to unravel the fragile peace. As tensions rise, the line between friend and foe blurs,"
gpt-4-0613,Fiction,"In the belly of a forgotten city, where truth and deceit danced as lovers, lived the blind seer, Althea. Her veiled eyes, a cocktail of enigma, knew truths even light couldn't fathom. Roaring silence her solace, she probed into lives, unwinding tales tied with knots of destiny."
gpt-4-0613,Fiction,"In the shadowy backstreets of Marseille, an unparalleled drafter of counterfeits, Jacques, meticulously painted his illicit masterpieces. Lawyers, gangsters - all were beguiled by his artistry. But now, one forgery exposed, his world of deception began to crack like his expertly imitated canvas. An unseen, looming danger drew closer."
gpt-4-0613,Fiction,"Beneath a setting sun, a weary but defiant Sarita stands defiantly at the edge of the abyss, her fingers tingling with magic unblinked. Behind her, the small town she’s protected for years. Ahead, an unknown enemy cloaked in shadows. Tonight, every spell she casts, each truth she uncovers will alter"
gpt-3.5-turbo,Podcasts,"In a world full of noise, finding a podcast that stands out can be a challenge. But what if you could tune into a show that offers a unique perspective on everyday topics? Get ready to dive into an audio experience that will inform, entertain, and leave you wanting more."
gpt-3.5-turbo,Podcasts,"Dive into a world where curiosity meets knowledge, as we explore the untold stories and hidden gems of the universe. Get ready to embark on a journey of discovery and enlightenment, where every episode will leave you craving for more. Welcome to a podcast like no other."
gpt-3.5-turbo,Podcasts,"A journey through the unexplored realms of human emotion, where stories of resilience, vulnerability, and healing intertwine. Join us as we unravel the complexities of the human experience, seeking connection and understanding in a world filled with noise. Welcome to a podcast that dares to dive deep into the heart"
gpt-4-0613,Podcasts,"Welcome to uncharted waters of sound and stories. Dive deep with our podcast as we explore unseen realms of ideas, sparking conversations that enlighten, entertain, and enrich. Our journey gives voice to the voiceless, wonder to the curious, and knowledge to the seekers. Tune in and transform your listening experience."
gpt-4-0613,Podcasts,"Embrace the extraordinary with 'Beyond the Ordinary' podcast. Dive deep into intriguing topics that stir curiosity - from untouched civilizations to unheard phenomena in science. Here, we don't just scratch the surface, we discover, we learn, we satisfy the driving force of human curiosity. Welcome aboard, your journey beyond the"
gpt-4-0613,Podcasts,"Welcome to a world of insights and thought-provoking conversations! This is a show where we delve deep into shattering concepts, bringing you the unique, the uncommon. Here's your chance to learn, to be informed, to be entertained. So, brace yourself for an engaging exploration. Welcome to ""Conversations Beyond the Ordinary""."
gpt-3.5-turbo,startup idea,"A platform that connects freelance photographers with small businesses in need of professional photography services, allowing them to easily book and coordinate photo shoots in their area."
gpt-3.5-turbo,startup idea,"An AI-powered subscription box service for eco-friendly household products that analyzes your usage data to curate personalized boxes of items like reusable containers, sustainable cleaning supplies, and compostable kitchen essentials."
gpt-3.5-turbo,startup idea,A productivity tool that uses AI to analyze your daily tasks and offers personalized recommendations on how to optimize your workflow for maximum efficiency.
gpt-4-0613,startup idea,"Create an AI-powered application that leverages data from smart home devices to offer personalised energy efficiency advice. The app will use machine learning to analyze energy usage patterns, propose a greener plan, helping individuals decrease their environmental footprint while also saving money. It will also provide an energy rating for household electronic devices, tools to encourage sustainable habits, and incentives like rewards for meeting energy-saving goals. Such an app would be a perfect fit for conscious consumers who wish to lead a more sustainable lifestyle."
gpt-4-0613,startup idea,An innovative platform that leverages augmented reality to enable architects and real estate developers to showcase their blueprints in 3D. It could facilitate client presentations or help homeowners visually understand and tailor their construction or renovation plans. A feature might include the ability to virtually walk through the project or tweak aspects in real time. This could potentially revolutionize architectural design meetings and property showings.
gpt-4-0613,startup idea,"An online platform that enables independent game developers to collaborate with sound designers, graphic artists, and writers. All professionals will meet in this app-based ecosystem, where they can share their ideas, seek team members for projects and even find potential investors. It works both ways - supporting businesses in finding creative talent and helping creators showcase their skills. The platform will also host match-making events and workshops for the indie game development community. The tools for project management, real-time collaboration, file sharing, and networking make it even more valuable for the members. Plus, the crowdfunding feature helps projects secure financial support."
gpt-3.5-turbo,op-ed,"Listen, learn, and act - it's time for real change now."
gpt-3.5-turbo,op-ed,"Break barriers, ignite conversation, embrace change - that's the power of journalism."
gpt-3.5-turbo,op-ed,"Wake up America, it's time to face the hard truths of our society."
gpt-4-0613,op-ed,"""Is our society's relentless quest for productivity undermining true creativity?"""
gpt-4-0613,op-ed,"""How will the growing digitalization of our society reshape the essence of human connection?"""
gpt-4-0613,op-ed,"""Has America's devotion to capitalism begun to fracture the very foundation of democracy?"""
gpt-3.5-turbo,Fiction,"In a world where memories can be bought and sold, a young woman named Elara navigates the dangerous underground market in search of her lost past. With each stolen fragment of memory, she gets closer to unraveling a dark secret that threatens to shatter her reality forever."
gpt-3.5-turbo,Fiction,"Lost in the dense fog of uncertainty, a solitary figure wandered through the desolate streets of a forgotten town. Each step echoed a haunting reminder of past regrets, as shadows danced menacingly around every corner. Little did they know, their arrival would awaken secrets long buried beneath the surface, setting"
gpt-3.5-turbo,Fiction,"In a small, seaside village where secrets whispered on the wind linger like ghosts, a young woman finds herself entangled in a web of deception and betrayal. As the waves crash against the shore, she must unravel the mysteries of her past before they consume her future."
gpt-4-0613,Fiction,"In the heart of Manhattan's lavish district, a high-stakes game unfolds within Fortunata Tower's penthouse. The tension was palpable as the mercurial billionaire, Eliot Knight, with his cunning smirk, dealt the weighted cards. Underneath the glamour, treacherous secrets echo, setting the stage for a night that would forever scar the"
gpt-4-0613,Fiction,"In the tar-hued heart of the city, tension rippled through the air. Disgraced detective, Grady, exhaled smoke into the frigid night. Below, the neon chaos of Chinatown pulsed threateningly, hiding secrets in its luminous arteries. His life, a crumbling ruin, needed redemption; in a twist of fate, it presented as"
gpt-4-0613,Fiction,"After twenty years of living in the shadows, Chris could feel his past catching up. As the city's rumbling nightlife vibrated through the worn iron framework of his dingy apartment, his heart pounded in sync, fear blooming in his chest. Unknown to him, danger was a step behind."
gpt-3.5-turbo,Podcasts,"Welcome to a podcast like no other. Dive into the world of unexplained mysteries, where each episode unravels a new puzzle waiting to be solved. Join us on a journey filled with intrigue, suspense, and revelations that will leave you questioning everything you thought you knew. Get ready for a"
gpt-3.5-turbo,Podcasts,"Step into a world where untold stories come to life, where curiosity meets discovery, and where the boundaries of reality are pushed to their limits. Join us as we delve into the unknown, explore the unexplored, and uncover the hidden gems of our world. Welcome to a podcast like no"
gpt-3.5-turbo,Podcasts,"Join us on a journey of exploration and discovery as we delve into the uncharted territories of the human mind. From psychology to philosophy, our podcast offers a unique perspective on understanding ourselves and the world around us. Get ready to challenge your beliefs and expand your horizons with each"
gpt-4-0613,Podcasts,"Welcome to a world of captivating conversations and insightful information. Our podcast brings a unique touch, catering to your specific curiosities and thirst for knowledge. Every episode is a journey designed to entertain while enriching your life. So prepare to dive into a realm where learning is fun and intriguing."
gpt-4-0613,Podcasts,"Immerse yourself in a fusion of information and entertainment in the most unexpected ways. Engaging discussions, in-depth insights, and riveting stories await you. Welcome to our world where we stand unique, fulfilling your quest for knowledge and intrigue. This is not just a podcast, it's an experience. Reveal its magic,"
gpt-4-0613,Podcasts,"Delve deep into the world of innovation, quirks and beyond with ""Unshackled Ideation"". Filled with laughter and learning, dive headfirst with us every week as we unlock the box of creativity and unravel the secrets of thinkers worldwide. A treat, for your intellect, only on Google Podcasts."
gpt-3.5-turbo,startup idea,"An AI-powered personal stylist app that helps users create outfit combinations from their existing wardrobe, suggests new pieces to purchase, and provides styling tips tailored to their individual preferences and lifestyle. This innovative platform leverages machine learning algorithms to analyze user preferences, fashion trends, and weather conditions to offer personalized styling recommendations, making getting dressed a breeze for fashion enthusiasts and busy professionals alike."
gpt-3.5-turbo,startup idea,"How about a productivity app that combines task management with mindfulness techniques? Users can create to-do lists, set reminders, and track their progress while also having access to guided meditations and breathing exercises to help reduce stress and improve focus. The app could also incorporate elements of gamification to make productivity more engaging and rewarding."
gpt-3.5-turbo,startup idea,"Revolutionize the way people prepare meals at home with an all-in-one smart kitchen appliance. This device would streamline the cooking process by providing recipe suggestions based on the ingredients you have on hand, adjusting cooking times and temperatures automatically, and even offering personalized meal plans tailored to dietary preferences. With a sleek design and intuitive interface, this smart kitchen appliance would be a game-changer for busy individuals looking to eat healthier and save time in the kitchen."
gpt-4-0613,startup idea,"A disruptive mobile app for personalized recycling habits. By simply scanning the product's barcode, the user is guided on how to optimally sort and recycle the item. Offering location-based solutions for drop-off recycling points and detailed breakdown of each product's recyclability, this app encourages eco-friendly behavior to combat the global waste problem. Integration with AI technology provides tailored recommendations on sustainable alternatives for users to purchase, pushing towards a zero-waste lifestyle."
gpt-4-0613,startup idea,"Solving the dilemma of out-of-network medical bills with a convenient and simple to use mobile application. Our startup, MediNet, leverages AI-powered tech to negotiate and settle such bills on behalf of the patient, ensuring you avoid unexpectedly high medical costs. The app also provides transparency about potential costs before medical procedures and consolidates all your medical billing in one place. The platform easily integrates with healthcare providers' billing systems, streamlining the process while also educating users about their healthcare rights and options. This startup product aims to bring affordability and transparency to healthcare."
gpt-4-0613,startup idea,"A ground-breaking app that functions as a virtual, on-demand psychologist. This app will adjust to users' mental state and mood based on real-time analysis of their speech and text inputs. By offering immediate, personalized therapeutic responses to mental stress triggers, this innovative solution aims to improve mental health individually and globally."
gpt-3.5-turbo,op-ed,"Stand up for truth, justice, and democracy - now is the time."
gpt-3.5-turbo,op-ed,"Engage with truth, challenge the status quo, and never settle for mediocrity."
gpt-3.5-turbo,op-ed,"Spark conversations, challenge beliefs, explore diverse perspectives - journalism's vital role in society."
gpt-4-0613,op-ed,"Economic inequality grows; are we, oblivious bystanders, fueling its relentless expansion or our own demise?"
gpt-4-0613,op-ed,"""As global citizens, aren't we morally obligated to combat climate change?"""
gpt-4-0613,op-ed,"""Are comfort zones beneficial haven or stifling prisons keeping us from personal growth?"""
gpt-3.5-turbo,Fiction,"Amidst the hazy glow of neon lights, a mysterious figure lurked in the shadows of the bustling city streets. Whispers of deceit and betrayal hung heavy in the air, casting a foreboding sense of unease over the unsuspecting inhabitants. Little did they know, a chain of events was about to"
gpt-3.5-turbo,Fiction,"In the dilapidated town of Ember Hollow, whispers of a mysterious curse hang heavy in the air. As shadows stretch across cobblestone streets, residents hide secrets in the flickering lamplight. But when a stranger arrives with a dark agenda, the town's fragile peace shatters, setting off a chain of events"
gpt-3.5-turbo,Fiction,"The old clock in the corner of the room ticked away ominously as the storm raged outside, mirroring the turmoil within the hearts of the two estranged lovers who stood face to face after years of separation. Their eyes locked in a silent battle of emotions, each holding secrets that"
gpt-4-0613,Fiction,"Beneath the radiant symphony of sunset, Amelia stood; pensive, brave, surrounded by foreboding vastness of the desert she was banished to. A royal turned outcast, she carried wit, a secret map, and unyielding resolve. As the scorpions emerged from the sand, the true nature of her dangerous journey unveiled."
gpt-4-0613,Fiction,"Through the torrid haze of a whiskey bottle, Sam could see the lanky figure of his target. His heart pounded with a rhythm of anticipation. Just across the room, amidst the raucous din of a bustling bar, Mickey— his betrayer, his un-doing, his end-salvation— sat unaware. Tonight was judgement night."
gpt-4-0613,Fiction,"Beneath a crimson dusk, the village lay desolate, its voice snuffed out by fear. Elena, a woman of stubborn spirit and secret sorrows, dared to defy the ominous silence. Deeper than the ominous clap of distant thunder, a sinister plot lurked, waiting to entangle her in threads of deceit and"
gpt-3.5-turbo,Podcasts,"Welcome to a podcast unlike any other, where we dive deep into the world of unexplained mysteries and supernatural phenomena. Join us as we unravel the truth behind the paranormal and explore the unknown, offering listeners a unique perspective on the unexplained. Tune in for an unforgettable journey into the"
gpt-3.5-turbo,Podcasts,"Welcome to a podcast like no other, where we dive deep into the untold stories of history's forgotten heroes. Join us as we uncover the hidden tales of courage, resilience, and bravery that shaped the world as we know it. Get ready to be inspired and enlightened on every episode."
gpt-3.5-turbo,Podcasts,"Welcome to a podcast that dives deep into the unexplored corners of history, uncovering fascinating stories and forgotten legends. Join us as we unravel mysteries, debunk myths, and shed light on the hidden truths of the past. Get ready to be captivated by the untold tales that shape our world."
gpt-4-0613,Podcasts,"Welcome to an auditory adventure like no other! Let's delve into intriguing discussions, enlightening our minds one episode at a time. Standby for thought-provoking content that's bound to leave you pondering. Whether you're here for knowledge, enlightenment, or sheer entertainment, we promise to keep your headphones buzzing with value. Welcome"
gpt-4-0613,Podcasts,"Diving into thought-provoking discussions, ideas, and stories, our podcast takes you on an exceptional journey. We've carved out a niche just for you to explore. Learn, enjoy, and uncover insights you won't find elsewhere. Welcome, it's not your everyday podcast, it's uniquely designed to fulfill your quest for knowledge and"
gpt-4-0613,Podcasts,"Embrace the unexpected with ""Trivia Trove"", your treasure box of knowledge! Engage, learn and imbibe fascinating tidbits from across the world. With every episode we set out to quench your thirst for learning, with a mix of the intriguing, the strange and the wondrous. Tune in to feed your curiosity!"
gpt-3.5-turbo,startup idea,"An AI-powered personal finance assistant that helps users track expenses, set budgets, and receive personalized recommendations for saving and investing."
gpt-3.5-turbo,startup idea,"A platform that connects freelance photographers with businesses in need of professional visual content for their marketing efforts. Businesses can easily browse portfolios, book photographers, and even schedule on-site photo shoots all through the app. Photographers benefit from a streamlined process for finding clients and managing their projects, ultimately leading to more opportunities and increased income."
gpt-3.5-turbo,startup idea,"A platform that utilizes AI to curate personalized workout routines based on user preferences, fitness goals, and available equipment. The app would also offer real-time feedback on form and technique through audio and visual cues, making it ideal for users looking to optimize their at-home or gym workouts."
gpt-4-0613,startup idea,"A startup that envisions reinventing the way we experience music festivals. An augmented reality app tailored specifically for these events, employing real-time data and user input to guide festival-goers around the venue, showcasing main attractions, and highlighting schedule updates or overlooked acts. By harnessing the power of AR, users would be able to unlock additional content like artist interviews, exclusive performances, and backstage views. This would not only enhance the experience but also navigate the crowd more efficiently, minimizing the time spent on logistics and maximizing the actual enjoyments of the event."
gpt-4-0613,startup idea,"A mobile application that instills the joy of reading in children by using augmented reality technology. The app transforms the text into different scenarios, characters, and objects to create a lifelike experience that allows children's imagination to flourish. Critical thinking skills and vocabulary are also enhanced through interactive quizzes and games."
gpt-4-0613,startup idea,"Imagine a digital platform that offers personalized meal and snack subscription boxes that cater to individuals with specific diet requirements such as allergies, medical conditions, or fitness goals. Using AI technology, the platform will analyze user’s preferences, medical history and objectives to deliver the perfect nutritional balance in every box. Interactive recipes and cooking tutorials will also be offered to educate and inspire users. To promote zero-waste practice, the packaging will be biodegradable and the food delivered will be from local farms."
gpt-3.5-turbo,op-ed,"Empower yourself through education, challenge the status quo, and make a difference."
gpt-3.5-turbo,op-ed,"Inspire change, ignite passion, and stir the soul - that is our purpose."
gpt-3.5-turbo,op-ed,"Wake up, America! The power to change lies within each of us."
gpt-4-0613,op-ed,"""Has our relentless pursuit of technology begun throttling society's moral heartbeat?"""
gpt-4-0613,op-ed,"""Are tech moguls the new era philosophers, or just opportunistic capitalists?"""
gpt-4-0613,op-ed,Why do we tolerate a system that systematically underserves our most vulnerable citizens?
gpt-3.5-turbo,Fiction,"In the quaint town of Willow Creek, secrets brew beneath the surface, threatening to unravel the lives of its unsuspecting residents. As the sun sets on a seemingly ordinary day, a mysterious stranger arrives, setting off a chain of events that will test the bonds of friendship and loyalty."
gpt-3.5-turbo,Fiction,"In the dimly lit alleyway, a figure lurked in the shadows, their breath quickening with anticipation. As the sound of approaching footsteps grew louder, a sense of danger filled the air. The stage was set for a thrilling encounter that would change the course of their lives forever."
gpt-3.5-turbo,Fiction,"In the shadowed alleys of a bustling city, a mysterious figure lurks, weaving through the throngs of people with a purpose known only to them. As the sun sets, tensions rise, secrets surface, and destinies intertwine in a dance of deception and desire. The night holds many surprises for those"
gpt-4-0613,Fiction,"In an isolated country house, beneath storm-laden skies, lived the cantankerous Elise Hawthorn, whose venomous tongue struck down all who dared approach. Her world was to be surreptitiously interrupted though, on a dramatically gusty evening, by a stranger bearing a mysterious envelope; a catalyst for the tremors of buried secrets"
gpt-4-0613,Fiction,"Ruffling through the secret files, the scent of antiquated bureaucracy assaulted Rivera's senses. Night cloaked the city, muffling cries of anarchy, as shadow silhouettes danced on the weathered plaster of his office. The stakes? Sky-high. An unexpected penance rippling through their world; it began subtly, like a half-remembered dream."
gpt-4-0613,Fiction,"Underneath the amber glow of a setting sun, Milena stood stoic, adorned in her father's old armor. The last knight of a forgotten lineage waiting on a barren hillside, she prepared to confront the tyrannous regent plaguing their once peaceful kingdom. Her knuckles white, eyes hardened—her fight was only beginning."
gpt-3.5-turbo,Podcasts,"Welcome to a podcast like no other, where we dive deep into the fascinating world of conspiracy theories. Join us as we uncover the truth behind some of the most notorious myths and legends. Get ready to challenge your beliefs and expand your mind on this thrilling journey of discovery."
gpt-3.5-turbo,Podcasts,"Welcome to a podcast that will take you on a journey through the realms of the unknown, where myths and legends come to life. Join us as we uncover the mysteries of the universe and delve into the depths of the supernatural. Get ready to open your mind and explore"
gpt-3.5-turbo,Podcasts,"Welcome to a podcast that is not afraid to dive deep into controversial topics and challenge conventional thinking. Each episode brings a fresh perspective on issues that matter, provoking thought and sparking conversation. Get ready to be challenged, enlightened, and entertained as we explore the world from a different angle."
gpt-4-0613,Podcasts,"Welcome to a world of mysteries, revelations, and unseen realities. 'Beyond the Seen' is the podcast that promises to dive deep into the unknown, whether it's extraterrestrial life, fringe science, or unsolved enigmas. Guaranteed to fascinate and enthrall, this is where curiosity meets exploration. Brace yourself for a thrilling journey!"
gpt-4-0613,Podcasts,"Unearth the mysteries of the cosmos with ""Beyond the Stars."" A podcast stitched together with threads of curiosity, it invites intellectual exploration into the unknown realms of space. Engaging, informative, and delightfully intriguing, our journey takes you further into the farthest galaxies, exploring what others dare not. Welcome aboard, stargazers!"
gpt-4-0613,Podcasts,"Welcome to an invigorating journey through soundscapes and cognitive spaces, where your curiosity is our compass. We are neither an echo nor a whisper in the void, but a symphony of distinctive narratives aiming to enlighten, entertain and engage. Be ready to quench your thirst for the unexplored because you’re"
